user,expiry_date
Aaron,2021-08-19
Abigail,2021-08-20
Adam,2021-06-27
Alan,2022-05-01
Albert,2021-08-18
Alexander,2021-06-26
Alexis,2021-06-22
Alice,2022-04-28
Amanda,2022-04-28
Amber,2022-05-02
Amy,2022-04-27
Andrea,2021-08-18
Andrew,2021-08-23
Angela,2022-04-26
Ann,2021-06-28
Anna,2022-04-27
Anthony,2022-04-27
Arthur,2021-08-20
Ashley,2022-04-28
Austin,2021-06-28
Barbara,2022-04-27
Benjamin,2022-04-29
Betty,2022-04-29
Beverly,2021-06-25
Billy,2022-04-28
Bobby,2022-04-29
Brandon,2021-06-28
Brenda,2022-04-26
Brian,2021-08-21
Brittany,2021-08-23
Bruce,2021-06-27
Bryan,2022-04-29
Carl,2021-06-24
Carol,2021-06-26
Carolyn,2021-08-21
Catherine,2022-04-28
Charles,2021-06-27
Charlotte,2021-06-27
Cheryl,2022-04-28
Christian,2021-08-22
Christina,2021-08-18
Christine,2022-04-27
Christopher,2021-06-28
Cynthia,2021-06-25
Daniel,2022-05-01
Danielle,2021-06-26
David,2021-08-23
Deborah,2022-05-02
Debra,2021-08-17
Denise,2021-08-21
Dennis,2021-06-28
Diana,2022-04-30
Diane,2021-06-22
Donald,2021-06-25
Donna,2021-08-17
Doris,2021-08-21
Dorothy,2021-08-19
Douglas,2022-04-28
Dylan,2021-06-27
Edward,2021-08-18
Elijah,2021-06-23
Elizabeth,2022-05-02
Emily,2022-04-29
Emma,2022-04-27
Eric,2021-08-19
Ethan,2021-06-24
Eugene,2021-06-24
Evelyn,2021-06-22
Frances,2022-04-26
Frank,2022-04-27
Gabriel,2021-08-20
Gary,2022-05-01
George,2022-05-02
Gerald,2021-08-17
Gloria,2021-06-26
Grace,2022-04-28
Gregory,2021-08-21
Hannah,2021-06-22
Harold,2021-06-24
Heather,2022-04-30
Helen,2021-08-19
Henry,2022-04-26
Isabella,2021-08-23
Jack,2021-08-19
Jacob,2021-06-23
Jacqueline,2022-04-26
James,2022-04-29
Janet,2022-04-27
Janice,2021-06-25
Jason,2021-06-23
Jean,2021-06-26
Jeffrey,2021-06-23
Jennifer,2021-06-28
Jeremy,2022-04-28
Jerry,2021-08-23
Jesse,2021-08-22
Jessica,2021-08-19
Joan,2021-08-18
Joe,2021-06-22
John,2022-04-27
Johnny,2021-06-28
Jonathan,2021-06-25
Jordan,2021-08-17
Jose,2021-08-22
Joseph,2021-06-22
Joshua,2022-05-02
Joyce,2022-04-27
Juan,2022-04-27
Judith,2021-08-23
Judy,2021-08-22
Julia,2021-06-26
Julie,2022-04-30
Justin,2021-08-21
Karen,2021-08-19
Katherine,2021-06-22
Kathleen,2021-08-22
Kathryn,2022-04-29
Kayla,2021-06-22
Keith,2022-04-27
Kelly,2021-08-22
Kenneth,2022-04-28
Kevin,2021-08-20
Kimberly,2021-08-22
Kyle,2021-08-19
Larry,2022-05-01
Laura,2022-05-02
Lauren,2021-06-24
Lawrence,2021-08-21
Linda,2022-04-29
Lisa,2021-08-17
Logan,2022-04-26
Louis,2022-04-26
Madison,2021-08-20
Margaret,2022-04-28
Maria,2021-08-20
Marie,2022-05-02
Marilyn,2022-05-01
Mark,2022-04-27
Martha,2021-06-24
Mary,2021-08-18
Matthew,2022-04-30
Megan,2021-08-21
Melissa,2021-06-27
Michael,2022-04-30
Michelle,2021-06-27
Nancy,2021-06-26
Natalie,2021-08-18
Nathan,2022-04-26
Nicholas,2022-04-26
Nicole,2021-08-21
Noah,2022-05-01
Olivia,2022-04-30
Pamela,2021-08-18
Patricia,2022-05-02
Patrick,2022-05-02
Paul,2022-04-28
Peter,2022-04-30
Philip,2022-04-28
Rachel,2021-06-25
Ralph,2021-06-24
Randy,2021-06-27
Raymond,2021-08-23
Rebecca,2022-04-29
Richard,2021-08-23
Robert,2022-05-01
Roger,2021-08-23
Ronald,2021-08-17
Rose,2022-04-28
Roy,2022-04-26
Russell,2022-04-30
Ruth,2022-04-30
Ryan,2021-06-25
Samantha,2021-06-26
Samuel,2021-08-19
Sandra,2021-08-17
Sara,2021-08-19
Sarah,2021-06-28
Scott,2022-04-29
Sean,2021-08-23
Sharon,2022-05-01
Shirley,2021-08-18
Sophia,2021-06-27
Stephanie,2021-06-24
Stephen,2022-04-30
Steven,2021-06-24
Susan,2021-06-24
Teresa,2021-08-23
Terry,2022-04-26
Theresa,2021-08-19
Thomas,2021-06-22
Timothy,2021-06-22
Tyler,2021-08-18
Victoria,2021-08-19
Vincent,2021-08-23
Virginia,2021-06-28
Walter,2022-04-29
Wayne,2022-05-02
William,2021-06-22
Willie,2021-06-26
Zachary,2022-04-30
